systematic_cg,standard_cg,standard_sc,pdr1_sc,function,pdre,induction
CAGL0A01650g,None,None,No,Unknown,CCCCGTGGGA; ATCCATGGGA,12×
CAGL0B02101g,None,HSV2-like; CAGL0B02079,No,,NDc,<2.2
CAGL0C02937g,None,PAC1; HRK1,No,,TCCCGTGGAC,<2.2
CAGL0C03289g,YBT1,YBT1,No,ABC transporter,TTCCGGGGAA; ACCCACGGAA,5×
CAGL0D05918g,ATF2,ATF2,No,"Alcohol acetyltransferase, steroid detoxification",TTCCACGGAG,10×
CAGL0E05588g,REV1,REV1,No,DNA repair,ND,2.2
CAGL0F02717g,PDH1,PDR15,Yes,ABC transporter,TTCCGTGGAA; TTCCACGGAA,18×
CAGL0G00242g,YOR1,YOR1,Yes,ABC transporter,TTCCCCGGGT; TTCCGTGGAA,22×
CAGL0G01540g,NCE103,NCE103,No,Carbonic anhydrase,CCCCGTGGGA,7×
CAGL0G05313g,IPT1,IPT1,Yes,Sphingolipid biosynthesis,ATCCGTGGAA (>1 kb from ATG),<2.2
CAGL0G08624g,QDR2,QDR2,No,MFS,ATCCGTGGAG,2.3
CAGL0I02574g,OYE2,OYE2,No,NADPH oxidoreductase,ND,<2.2
CAGL0I04862g,SNQ2,SNQ2,Yes,ABC transporter,CTCCACGGGA; TTCCACGGAA,3×
CAGL0I07249g,BAG7,BAG7,No,GTPase-activating protein,ND,6×
CAGL0J05852g,None,YIR036c oxidoreductase,No,Oxidoreductase,TCCCGTGGAA,8×
CAGL0J07436g,PDR16,PDR16,Yes,PI transfer protein,TTCCGTGGGA,3×
CAGL0K00715g,RTA1,RTA1,Yes,7 transmembrane domains,CTCCACGGAA,12×
CAGL0K01749g,RPN4,RPN4,Yes,Transcription factor,CTCCGTGGAC; TTCCGTGGAA,3×
CAGL0K03377g,None,YMR102c-like,Yes,Oxidoreductase,ATCCGTGGAG; TCCCATGGAA,3×
CAGL0K05819g,None,HAP1,No,Transcription factor,ATCCGTGGAA,7.5×
CAGL0K09702g,None,"QOR oxidoreductase, aka YNL1b",No,Oxidoreductase,ND,7×
CAGL0L10142g,RSB1,RSB1,Yes,7 transmembrane domains,TTCCGTGGAA,4×
CAGL0M01760g,CDR1,PDR5,Yes,ABC transporter,GTCCACGGAA; TTCCACGGAA; TTCCACGGGA; CTCCACGGGA,9×
CAGL0M09735g,MEC3;YIM1,MEC3; YIM1,No,DNA repair; mitochondrial protein,TTCCACGGAA; TTCCGTGGAA,57×
CAGL0M12947g,PUP1,None,No,Mitochondrial protein,ATCCACGGAA; TTCCGTGGAC,